[{"model": "admin.logentry", "pk": 48, "fields": {"action_time": "2024-05-15T11:40:25.917Z", "user": 1, "content_type": 7, "object_id": "6", "object_repr": "Maria Delau", "action_flag": 3, "change_message": ""}}, {"model": "admin.logentry", "pk": 49, "fields": {"action_time": "2024-05-15T11:40:25.920Z", "user": 1, "content_type": 7, "object_id": "5", "object_repr": "Malkom Digit", "action_flag": 3, "change_message": ""}}, {"model": "admin.logentry", "pk": 50, "fields": {"action_time": "2024-05-15T11:40:25.923Z", "user": 1, "content_type": 7, "object_id": "1", "object_repr": "Selmi Abderrahim", "action_flag": 3, "change_message": ""}}, {"model": "admin.logentry", "pk": 51, "fields": {"action_time": "2024-05-15T11:47:22.761Z", "user": 1, "content_type": 4, "object_id": "11", "object_repr": "portugalia", "action_flag": 2, "change_message": "[{\"changed\": {\"fields\": [\"Staff status\"]}}]"}}, {"model": "admin.logentry", "pk": 52, "fields": {"action_time": "2024-05-15T11:48:16.431Z", "user": 1, "content_type": 4, "object_id": "11", "object_repr": "portugalia", "action_flag": 2, "change_message": "[{\"changed\": {\"fields\": [\"Superuser status\"]}}]"}}, {"model": "auth.permission", "pk": 1, "fields": {"name": "Can add log entry", "content_type": 1, "codename": "add_logentry"}}, {"model": "auth.permission", "pk": 2, "fields": {"name": "Can change log entry", "content_type": 1, "codename": "change_logentry"}}, {"model": "auth.permission", "pk": 3, "fields": {"name": "Can delete log entry", "content_type": 1, "codename": "delete_logentry"}}, {"model": "auth.permission", "pk": 4, "fields": {"name": "Can view log entry", "content_type": 1, "codename": "view_logentry"}}, {"model": "auth.permission", "pk": 5, "fields": {"name": "Can add permission", "content_type": 2, "codename": "add_permission"}}, {"model": "auth.permission", "pk": 6, "fields": {"name": "Can change permission", "content_type": 2, "codename": "change_permission"}}, {"model": "auth.permission", "pk": 7, "fields": {"name": "Can delete permission", "content_type": 2, "codename": "delete_permission"}}, {"model": "auth.permission", "pk": 8, "fields": {"name": "Can view permission", "content_type": 2, "codename": "view_permission"}}, {"model": "auth.permission", "pk": 9, "fields": {"name": "Can add group", "content_type": 3, "codename": "add_group"}}, {"model": "auth.permission", "pk": 10, "fields": {"name": "Can change group", "content_type": 3, "codename": "change_group"}}, {"model": "auth.permission", "pk": 11, "fields": {"name": "Can delete group", "content_type": 3, "codename": "delete_group"}}, {"model": "auth.permission", "pk": 12, "fields": {"name": "Can view group", "content_type": 3, "codename": "view_group"}}, {"model": "auth.permission", "pk": 13, "fields": {"name": "Can add user", "content_type": 4, "codename": "add_user"}}, {"model": "auth.permission", "pk": 14, "fields": {"name": "Can change user", "content_type": 4, "codename": "change_user"}}, {"model": "auth.permission", "pk": 15, "fields": {"name": "Can delete user", "content_type": 4, "codename": "delete_user"}}, {"model": "auth.permission", "pk": 16, "fields": {"name": "Can view user", "content_type": 4, "codename": "view_user"}}, {"model": "auth.permission", "pk": 17, "fields": {"name": "Can add content type", "content_type": 5, "codename": "add_contenttype"}}, {"model": "auth.permission", "pk": 18, "fields": {"name": "Can change content type", "content_type": 5, "codename": "change_contenttype"}}, {"model": "auth.permission", "pk": 19, "fields": {"name": "Can delete content type", "content_type": 5, "codename": "delete_contenttype"}}, {"model": "auth.permission", "pk": 20, "fields": {"name": "Can view content type", "content_type": 5, "codename": "view_contenttype"}}, {"model": "auth.permission", "pk": 21, "fields": {"name": "Can add session", "content_type": 6, "codename": "add_session"}}, {"model": "auth.permission", "pk": 22, "fields": {"name": "Can change session", "content_type": 6, "codename": "change_session"}}, {"model": "auth.permission", "pk": 23, "fields": {"name": "Can delete session", "content_type": 6, "codename": "delete_session"}}, {"model": "auth.permission", "pk": 24, "fields": {"name": "Can view session", "content_type": 6, "codename": "view_session"}}, {"model": "auth.permission", "pk": 25, "fields": {"name": "Can add author", "content_type": 7, "codename": "add_author"}}, {"model": "auth.permission", "pk": 26, "fields": {"name": "Can change author", "content_type": 7, "codename": "change_author"}}, {"model": "auth.permission", "pk": 27, "fields": {"name": "Can delete author", "content_type": 7, "codename": "delete_author"}}, {"model": "auth.permission", "pk": 28, "fields": {"name": "Can view author", "content_type": 7, "codename": "view_author"}}, {"model": "auth.permission", "pk": 29, "fields": {"name": "Can add category", "content_type": 8, "codename": "add_category"}}, {"model": "auth.permission", "pk": 30, "fields": {"name": "Can change category", "content_type": 8, "codename": "change_category"}}, {"model": "auth.permission", "pk": 31, "fields": {"name": "Can delete category", "content_type": 8, "codename": "delete_category"}}, {"model": "auth.permission", "pk": 32, "fields": {"name": "Can view category", "content_type": 8, "codename": "view_category"}}, {"model": "auth.permission", "pk": 33, "fields": {"name": "Can add post", "content_type": 9, "codename": "add_post"}}, {"model": "auth.permission", "pk": 34, "fields": {"name": "Can change post", "content_type": 9, "codename": "change_post"}}, {"model": "auth.permission", "pk": 35, "fields": {"name": "Can delete post", "content_type": 9, "codename": "delete_post"}}, {"model": "auth.permission", "pk": 36, "fields": {"name": "Can view post", "content_type": 9, "codename": "view_post"}}, {"model": "auth.permission", "pk": 37, "fields": {"name": "Can add tag", "content_type": 10, "codename": "add_tag"}}, {"model": "auth.permission", "pk": 38, "fields": {"name": "Can change tag", "content_type": 10, "codename": "change_tag"}}, {"model": "auth.permission", "pk": 39, "fields": {"name": "Can delete tag", "content_type": 10, "codename": "delete_tag"}}, {"model": "auth.permission", "pk": 40, "fields": {"name": "Can view tag", "content_type": 10, "codename": "view_tag"}}, {"model": "auth.permission", "pk": 41, "fields": {"name": "Can add tagged item", "content_type": 11, "codename": "add_taggeditem"}}, {"model": "auth.permission", "pk": 42, "fields": {"name": "Can change tagged item", "content_type": 11, "codename": "change_taggeditem"}}, {"model": "auth.permission", "pk": 43, "fields": {"name": "Can delete tagged item", "content_type": 11, "codename": "delete_taggeditem"}}, {"model": "auth.permission", "pk": 44, "fields": {"name": "Can view tagged item", "content_type": 11, "codename": "view_taggeditem"}}, {"model": "auth.permission", "pk": 45, "fields": {"name": "Can add Blacklisted IP", "content_type": 12, "codename": "add_blacklistip"}}, {"model": "auth.permission", "pk": 46, "fields": {"name": "Can change Blacklisted IP", "content_type": 12, "codename": "change_blacklistip"}}, {"model": "auth.permission", "pk": 47, "fields": {"name": "Can delete Blacklisted IP", "content_type": 12, "codename": "delete_blacklistip"}}, {"model": "auth.permission", "pk": 48, "fields": {"name": "Can view Blacklisted IP", "content_type": 12, "codename": "view_blacklistip"}}, {"model": "auth.permission", "pk": 49, "fields": {"name": "Can add Blacklisted User Agent", "content_type": 13, "codename": "add_blacklistuseragent"}}, {"model": "auth.permission", "pk": 50, "fields": {"name": "Can change Blacklisted User Agent", "content_type": 13, "codename": "change_blacklistuseragent"}}, {"model": "auth.permission", "pk": 51, "fields": {"name": "Can delete Blacklisted User Agent", "content_type": 13, "codename": "delete_blacklistuseragent"}}, {"model": "auth.permission", "pk": 52, "fields": {"name": "Can view Blacklisted User Agent", "content_type": 13, "codename": "view_blacklistuseragent"}}, {"model": "auth.permission", "pk": 53, "fields": {"name": "Can add hit", "content_type": 14, "codename": "add_hit"}}, {"model": "auth.permission", "pk": 54, "fields": {"name": "Can change hit", "content_type": 14, "codename": "change_hit"}}, {"model": "auth.permission", "pk": 55, "fields": {"name": "Can delete hit", "content_type": 14, "codename": "delete_hit"}}, {"model": "auth.permission", "pk": 56, "fields": {"name": "Can view hit", "content_type": 14, "codename": "view_hit"}}, {"model": "auth.permission", "pk": 57, "fields": {"name": "Can add hit count", "content_type": 15, "codename": "add_hitcount"}}, {"model": "auth.permission", "pk": 58, "fields": {"name": "Can change hit count", "content_type": 15, "codename": "change_hitcount"}}, {"model": "auth.permission", "pk": 59, "fields": {"name": "Can delete hit count", "content_type": 15, "codename": "delete_hitcount"}}, {"model": "auth.permission", "pk": 60, "fields": {"name": "Can view hit count", "content_type": 15, "codename": "view_hitcount"}}, {"model": "auth.permission", "pk": 61, "fields": {"name": "Can add comment", "content_type": 16, "codename": "add_comment"}}, {"model": "auth.permission", "pk": 62, "fields": {"name": "Can change comment", "content_type": 16, "codename": "change_comment"}}, {"model": "auth.permission", "pk": 63, "fields": {"name": "Can delete comment", "content_type": 16, "codename": "delete_comment"}}, {"model": "auth.permission", "pk": 64, "fields": {"name": "Can view comment", "content_type": 16, "codename": "view_comment"}}, {"model": "auth.permission", "pk": 65, "fields": {"name": "Can add reply", "content_type": 17, "codename": "add_reply"}}, {"model": "auth.permission", "pk": 66, "fields": {"name": "Can change reply", "content_type": 17, "codename": "change_reply"}}, {"model": "auth.permission", "pk": 67, "fields": {"name": "Can delete reply", "content_type": 17, "codename": "delete_reply"}}, {"model": "auth.permission", "pk": 68, "fields": {"name": "Can view reply", "content_type": 17, "codename": "view_reply"}}, {"model": "auth.user", "pk": 1, "fields": {"password": "pbkdf2_sha256$216000$AB3qgWRmhcLZ$pKtOaIvXZIb8qMN5uGmaYp3XYhSR7Tdixr09mFMHAMA=", "last_login": "2024-05-15T11:48:02.331Z", "is_superuser": true, "username": "admin", "first_name": "", "last_name": "", "email": "", "is_staff": true, "is_active": true, "date_joined": "2021-04-04T21:50:50.175Z", "groups": [], "user_permissions": []}}, {"model": "auth.user", "pk": 2, "fields": {"password": "pbkdf2_sha256$216000$oCcYsjo9h0uu$aKnuNQ7kvTQeGeQoq2N+uACyLkeKYCCL14JAZSLaA0c=", "last_login": "2021-06-18T08:11:05.922Z", "is_superuser": false, "username": "test", "first_name": "", "last_name": "", "email": "", "is_staff": false, "is_active": true, "date_joined": "2021-04-23T15:43:55.468Z", "groups": [], "user_permissions": []}}, {"model": "auth.user", "pk": 3, "fields": {"password": "pbkdf2_sha256$216000$Z2k60GRQGpEO$TepxE9VxkbWDnzdFr5gZpI3qADjAZxWSD0z7+C0ayo4=", "last_login": "2021-04-23T16:09:54.366Z", "is_superuser": false, "username": "new", "first_name": "", "last_name": "", "email": "", "is_staff": false, "is_active": true, "date_joined": "2021-04-23T16:09:53.918Z", "groups": [], "user_permissions": []}}, {"model": "auth.user", "pk": 4, "fields": {"password": "pbkdf2_sha256$216000$UAyDJgaxFxuT$Ivm7PuMY8hfwQQ1ccOrJ1ZTiz1qlucgqYh9GY9VXs9k=", "last_login": "2021-04-23T16:54:02.371Z", "is_superuser": false, "username": "new_user", "first_name": "", "last_name": "", "email": "", "is_staff": false, "is_active": true, "date_joined": "2021-04-23T16:54:01.688Z", "groups": [], "user_permissions": []}}, {"model": "auth.user", "pk": 5, "fields": {"password": "pbkdf2_sha256$216000$6mPmTduIN9M1$xdJ9Hqk4vEDAFwJL564lPkupB2TSGUvRVAbAC2HFgsM=", "last_login": "2021-06-18T08:19:47.573Z", "is_superuser": false, "username": "charlos", "first_name": "", "last_name": "", "email": "", "is_staff": false, "is_active": true, "date_joined": "2021-06-18T08:19:47.404Z", "groups": [], "user_permissions": []}}, {"model": "auth.user", "pk": 6, "fields": {"password": "pbkdf2_sha256$216000$BmAngIqwoAYw$BOOQi8anEEgu5QmZAHW7jL7MiKYBGnIQ9l2P6eL35Yc=", "last_login": "2021-11-06T07:46:15.515Z", "is_superuser": false, "username": "author", "first_name": "", "last_name": "", "email": "", "is_staff": false, "is_active": true, "date_joined": "2021-11-06T07:46:15.416Z", "groups": [], "user_permissions": []}}, {"model": "auth.user", "pk": 7, "fields": {"password": "pbkdf2_sha256$216000$8If6OUHb5tN9$FNxM1/lTXpnguXVQuceAFarIJr7DOcIQrNWZaMlkGUw=", "last_login": "2021-11-06T08:01:32.881Z", "is_superuser": false, "username": "newuser", "first_name": "", "last_name": "", "email": "", "is_staff": false, "is_active": true, "date_joined": "2021-11-06T08:01:32.776Z", "groups": [], "user_permissions": []}}, {"model": "auth.user", "pk": 8, "fields": {"password": "pbkdf2_sha256$216000$S2uGydQ9PH1h$vpeNJ7CLWDk9GKfu3JStEgi892B61s16Hw3z1cFuDc4=", "last_login": "2021-11-06T08:03:12.583Z", "is_superuser": false, "username": "visitor2", "first_name": "", "last_name": "", "email": "", "is_staff": false, "is_active": true, "date_joined": "2021-11-06T08:03:12.477Z", "groups": [], "user_permissions": []}}, {"model": "auth.user", "pk": 9, "fields": {"password": "pbkdf2_sha256$216000$XFVcDlykvITK$/ihrli2gnuPSOTSI81ZmD79BI+4YvQ6CdxBXftZeJJg=", "last_login": "2024-05-14T15:05:29.472Z", "is_superuser": true, "username": "aaaaa", "first_name": "", "last_name": "", "email": "", "is_staff": false, "is_active": true, "date_joined": "2024-05-14T15:05:29.132Z", "groups": [], "user_permissions": []}}, {"model": "auth.user", "pk": 10, "fields": {"password": "pbkdf2_sha256$216000$8QSxQMGfMTRJ$ZhcU+3cauqSkJ7D4FIKsaE7bHHf6LJXLI6ZZN0Us5ns=", "last_login": "2024-05-15T07:48:57.724Z", "is_superuser": false, "username": "aaaaaaaaa", "first_name": "", "last_name": "", "email": "", "is_staff": false, "is_active": true, "date_joined": "2024-05-15T07:48:57.510Z", "groups": [], "user_permissions": []}}, {"model": "auth.user", "pk": 11, "fields": {"password": "pbkdf2_sha256$216000$oedFQ0w2N79w$uxLX41mo/TkwwQ9mt2AOqg6FtncKlfS6JTSQQbigLFs=", "last_login": "2024-05-15T11:48:57.171Z", "is_superuser": true, "username": "portugalia", "first_name": "", "last_name": "", "email": "", "is_staff": true, "is_active": true, "date_joined": "2024-05-15T11:45:57Z", "groups": [], "user_permissions": []}}, {"model": "contenttypes.contenttype", "pk": 1, "fields": {"app_label": "admin", "model": "logentry"}}, {"model": "contenttypes.contenttype", "pk": 2, "fields": {"app_label": "auth", "model": "permission"}}, {"model": "contenttypes.contenttype", "pk": 3, "fields": {"app_label": "auth", "model": "group"}}, {"model": "contenttypes.contenttype", "pk": 4, "fields": {"app_label": "auth", "model": "user"}}, {"model": "contenttypes.contenttype", "pk": 5, "fields": {"app_label": "contenttypes", "model": "contenttype"}}, {"model": "contenttypes.contenttype", "pk": 6, "fields": {"app_label": "sessions", "model": "session"}}, {"model": "contenttypes.contenttype", "pk": 7, "fields": {"app_label": "main", "model": "author"}}, {"model": "contenttypes.contenttype", "pk": 8, "fields": {"app_label": "main", "model": "category"}}, {"model": "contenttypes.contenttype", "pk": 9, "fields": {"app_label": "main", "model": "post"}}, {"model": "contenttypes.contenttype", "pk": 10, "fields": {"app_label": "taggit", "model": "tag"}}, {"model": "contenttypes.contenttype", "pk": 11, "fields": {"app_label": "taggit", "model": "taggeditem"}}, {"model": "contenttypes.contenttype", "pk": 12, "fields": {"app_label": "hitcount", "model": "blacklistip"}}, {"model": "contenttypes.contenttype", "pk": 13, "fields": {"app_label": "hitcount", "model": "blacklistuseragent"}}, {"model": "contenttypes.contenttype", "pk": 14, "fields": {"app_label": "hitcount", "model": "hit"}}, {"model": "contenttypes.contenttype", "pk": 15, "fields": {"app_label": "hitcount", "model": "hitcount"}}, {"model": "contenttypes.contenttype", "pk": 16, "fields": {"app_label": "main", "model": "comment"}}, {"model": "contenttypes.contenttype", "pk": 17, "fields": {"app_label": "main", "model": "reply"}}, {"model": "sessions.session", "pk": "7tg33dij3qblot9b8lcfziy4q4yv00fi", "fields": {"session_data": ".eJxVjEEOwiAQRe_C2pACBQaX7j0DmWFAqoYmpV0Z765NutDtf-_9l4i4rTVuPS9xYnEWQZx-N8L0yG0HfMd2m2Wa27pMJHdFHrTL68z5eTncv4OKvX7rEZUjU0bwRRt0SiFkmxOHgQA1WmUDKfChcDIajFdkkYsj0H6whoN4fwDjfjet:1s6tib:RWj4EXMYr3mtU3uCU1xB6gJIZbO5UtE4dTfUG5zxDHY", "expire_date": "2024-05-28T15:05:29.475Z"}}, {"model": "sessions.session", "pk": "s5hoad3eazg254e7qytbwynhtlkt4sh9", "fields": {"session_data": ".eJxVjDsOwjAQBe_iGll21l9Kes5grb1eHECxlE-FuDtESgHtm5n3Egm3taVtqXMaSZyF1uL0O2YsjzrthO443bosfVrnMctdkQdd5LVTfV4O9--g4dK-NcboLVNBFSsE4jAEV8GZiI5JexgyGmdU1jowAGRwzGBZFauUJwvi_QEHizer:1s7D7x:n6hhrnar2iIgk7ajQUd5VzHGdEvpkkmRVEadZNAnQrU", "expire_date": "2024-05-29T11:48:57.178Z"}}, {"model": "main.author", "pk": 7, "fields": {"user": 9, "fullname": "Paaaaa", "slug": "paaaaa", "bio": "aaaaaaa", "points": 0, "profile_pic": "authors/log_amplitude_1_xbrtFhL.apng"}}, {"model": "main.author", "pk": 8, "fields": {"user": 10, "fullname": "aaaaa", "slug": "aaaaa", "bio": "saddas", "points": 0, "profile_pic": "authors/log_amplitude_1_Ya8obp1.apng"}}, {"model": "main.author", "pk": 9, "fields": {"user": 11, "fullname": "Polska Portugalia", "slug": "polska-portugalia", "bio": "Mecz 2016", "points": 0, "profile_pic": "authors/log_frequency_2.apng"}}, {"model": "main.category", "pk": 1, "fields": {"title": "Skład", "slug": "sklad\t", "description": "Posty o przewidywanych składach na kolejne mecze"}}, {"model": "main.category", "pk": 2, "fields": {"title": "Transfery", "slug": "trans", "description": "Posty o wykonanych transferach"}}, {"model": "main.category", "pk": 3, "fields": {"title": "Plotki transferowe", "slug": "plots", "description": "Posty o zawodnikach łączonych z FC Barceloną"}}, {"model": "main.category", "pk": 4, "fields": {"title": "Liga Mistrzów", "slug": "lm", "description": "Posty o lidze mistrzów sezonu 2023/24"}}, {"model": "main.category", "pk": 5, "fields": {"title": "La Liga", "slug": "la-liga", "description": "Posty o lidze hiszpańskiej sezonu 2023/2024"}}, {"model": "main.category", "pk": 6, "fields": {"title": "Copa del Rey", "slug": "copa-del-rey", "description": "Posty o pucharze króla sezonu 2023/2024"}}, {"model": "main.category", "pk": 7, "fields": {"title": "Liga Mistrzów", "slug": "lm-starre", "description": "Posty o lidze mistrzów sezonu 2022/2023"}}, {"model": "main.comment", "pk": 7, "fields": {"user": 7, "content": "xDDDDDDDDDD", "date": "2024-05-16T08:05:48.594Z", "replies": []}}, {"model": "main.comment", "pk": 8, "fields": {"user": 7, "content": "Czyli cięższe mecze", "date": "2024-05-15T08:06:12.019Z", "replies": []}}, {"model": "main.comment", "pk": 9, "fields": {"user": 7, "content": "Nie nie nie ", "date": "2024-05-14T15:16:51.386Z", "replies": []}}, {"model": "main.comment", "pk": 10, "fields": {"user": 8, "content": "Mundo Deportivo przewiduje Fermin Lopeza zamiast Pedriego.", "date": "2024-05-14T15:16:51.386Z", "replies": []}}, {"model": "main.comment", "pk": 11, "fields": {"user": 8, "content": "To jakaś dwubiegunkówka u góry?", "date": "2024-05-15T08:18:05.505Z", "replies": []}}, {"model": "main.post", "pk": 13, "fields": {"title": "Nowa formuła", "slug": "the-first-title", "user": 7, "content": "<p>W nowym sezonie Barcelona będzie losowana z drugiego koszyka :(</p>", "date": "2024-05-15T07:48:40.556Z", "approved": true, "closed": false, "state": "zero", "categories": [4], "comments": [7, 8, 9, 11]}}, {"model": "main.post", "pk": 14, "fields": {"title": "Real Sociedad", "slug": "second", "user": 8, "content": "<p>Najbardziej prawdopodobny skład<br>\n\t\t\t\t\tter Stegen<br>\nKounde\tAraujo\t\tCubarsi\t\tCancelo<br>\n\tPedri\t\tChristensen\t\tGundogan\t<br>\n\tLamine\tLewandowski\tRaphinha<br>\n</p>", "date": "2024-05-06T07:48:40.556Z", "approved": true, "closed": false, "state": "zero", "categories": [1], "comments": [10]}}, {"model": "main.post", "pk": 15, "fields": {"title": "Luis Diaz", "slug": "diaz", "user": 7, "content": "Zgodnie z doniesieniami Mundo Deportivo, na lewe skrzydło głównym kandydatem jest Luis Diaz.", "date": "2024-05-06T07:48:40.556Z", "approved": true, "closed": false, "state": "zero", "categories": [3], "comments": []}}, {"model": "main.post", "pk": 16, "fields": {"title": "Drugi mecz z PSG", "slug": "psg2", "user": 8, "content": "Barcelona przegrała u siebie 4:1, głównie przez czerwoną kartkę dla Araujo w 25 minucie.", "date": "2024-04-13T07:48:40.556Z", "approved": true, "closed": false, "state": "zero", "categories": [4], "comments": []}}, {"model": "main.post", "pk": 17, "fields": {"title": "Pierwszy mecz z PSG", "slug": "psg1", "user": 8, "content": "Po zaciętym meczu wychodzimy zwycięsko z Paryża. PSG 2:3 Barcelona", "date": "2024-04-06T07:48:40.556Z", "approved": true, "closed": true, "state": "zero", "categories": [4], "comments": []}}, {"model": "main.post", "pk": 18, "fields": {"title": "UD Almeria", "slug": "ud-almeria", "user": 9, "content": "Skład podobny do real sociedad.", "date": "2024-05-15T11:46:34.135Z", "approved": false, "closed": false, "state": "zero", "categories": [1], "comments": []}}, {"model": "hitcount.hitcount", "pk": 12, "fields": {"hits": 8, "modified": "2024-05-15T08:15:19.174Z", "content_type": 9, "object_pk": 13}}, {"model": "hitcount.hitcount", "pk": 13, "fields": {"hits": 2, "modified": "2024-05-15T12:58:58.667Z", "content_type": 9, "object_pk": 14}}, {"model": "hitcount.hitcount", "pk": 14, "fields": {"hits": 1, "modified": "2024-05-15T11:29:43.279Z", "content_type": 9, "object_pk": 16}}, {"model": "hitcount.hitcount", "pk": 15, "fields": {"hits": 1, "modified": "2024-05-15T11:29:53.529Z", "content_type": 9, "object_pk": 17}}, {"model": "hitcount.hitcount", "pk": 16, "fields": {"hits": 1, "modified": "2024-05-15T08:18:44.195Z", "content_type": 9, "object_pk": 15}}, {"model": "hitcount.hit", "pk": 18, "fields": {"created": "2021-11-06T07:58:47.613Z", "ip": "127.0.0.1", "session": "lauj4lzziqnaqo3kud4g1psnbfcisdei", "user_agent": "Mozilla/5.0 (Windows NT 10.0; Win64; x64; rv:94.0) Gecko/20100101 Firefox/94.0", "user": 6, "hitcount": 12}}, {"model": "hitcount.hit", "pk": 19, "fields": {"created": "2021-11-06T08:00:04.820Z", "ip": "127.0.0.1", "session": "810wszjlufk6pk1iorzsu657jlk5uivm", "user_agent": "Mozilla/5.0 (Windows NT 10.0; Win64; x64) AppleWebKit/537.36 (KHTML, like Gecko) Chrome/95.0.4638.69 Safari/537.36", "user": 1, "hitcount": 12}}, {"model": "hitcount.hit", "pk": 20, "fields": {"created": "2021-11-06T08:01:03.332Z", "ip": "127.0.0.1", "session": "300xm2g87tffhouq6gg19zfs6gwq9ge7", "user_agent": "Mozilla/5.0 (Windows NT 10.0; Win64; x64) AppleWebKit/537.36 (KHTML, like Gecko) Chrome/95.0.4638.54 Safari/537.36 Edg/95.0.1020.40", "user": null, "hitcount": 12}}, {"model": "hitcount.hit", "pk": 21, "fields": {"created": "2021-11-06T08:02:45.750Z", "ip": "127.0.0.1", "session": "cswqfanegjmye8ijizvn341v6ee5q6pr", "user_agent": "Mozilla/5.0 (Windows NT 10.0; Win64; x64) AppleWebKit/537.36 (KHTML, like Gecko) Chrome/95.0.4638.69 Safari/537.36", "user": null, "hitcount": 12}}, {"model": "hitcount.hit", "pk": 22, "fields": {"created": "2021-11-06T08:05:40.733Z", "ip": "127.0.0.1", "session": "w68ujz07oqt79dr9dz1i1fxmy0yxoy4p", "user_agent": "Mozilla/5.0 (Windows NT 10.0; Win64; x64) AppleWebKit/537.36 (KHTML, like Gecko) Chrome/95.0.4638.69 Safari/537.36", "user": 8, "hitcount": 12}}, {"model": "hitcount.hit", "pk": 23, "fields": {"created": "2024-05-14T15:16:42.273Z", "ip": "127.0.0.1", "session": "7tg33dij3qblot9b8lcfziy4q4yv00fi", "user_agent": "Mozilla/5.0 (X11; Linux x86_64) AppleWebKit/537.36 (KHTML, like Gecko) Chrome/124.0.0.0 Safari/537.36", "user": 9, "hitcount": 12}}, {"model": "hitcount.hit", "pk": 24, "fields": {"created": "2024-05-15T07:35:34.324Z", "ip": "127.0.0.1", "session": "2bwdq7uqqmhje47rc0ac2qb0pc6sg0yw", "user_agent": "Mozilla/5.0 (X11; Linux x86_64) AppleWebKit/537.36 (KHTML, like Gecko) Chrome/124.0.0.0 Safari/537.36", "user": null, "hitcount": 12}}, {"model": "hitcount.hit", "pk": 25, "fields": {"created": "2024-05-15T08:05:18.840Z", "ip": "127.0.0.1", "session": "6sy6agupe047zs7vg4esh9ix2e3vr8w4", "user_agent": "Mozilla/5.0 (X11; Linux x86_64) AppleWebKit/537.36 (KHTML, like Gecko) Chrome/124.0.0.0 Safari/537.36", "user": 10, "hitcount": 13}}, {"model": "hitcount.hit", "pk": 26, "fields": {"created": "2024-05-15T08:15:19.182Z", "ip": "127.0.0.1", "session": "6sy6agupe047zs7vg4esh9ix2e3vr8w4", "user_agent": "Mozilla/5.0 (X11; Linux x86_64) AppleWebKit/537.36 (KHTML, like Gecko) Chrome/124.0.0.0 Safari/537.36", "user": 10, "hitcount": 12}}, {"model": "hitcount.hit", "pk": 27, "fields": {"created": "2024-05-15T08:18:44.202Z", "ip": "127.0.0.1", "session": "6sy6agupe047zs7vg4esh9ix2e3vr8w4", "user_agent": "Mozilla/5.0 (X11; Linux x86_64) AppleWebKit/537.36 (KHTML, like Gecko) Chrome/124.0.0.0 Safari/537.36", "user": 10, "hitcount": 16}}, {"model": "hitcount.hit", "pk": 28, "fields": {"created": "2024-05-15T11:29:43.286Z", "ip": "127.0.0.1", "session": "6sy6agupe047zs7vg4esh9ix2e3vr8w4", "user_agent": "Mozilla/5.0 (X11; Linux x86_64) AppleWebKit/537.36 (KHTML, like Gecko) Chrome/124.0.0.0 Safari/537.36", "user": 10, "hitcount": 14}}, {"model": "hitcount.hit", "pk": 29, "fields": {"created": "2024-05-15T11:29:53.536Z", "ip": "127.0.0.1", "session": "6sy6agupe047zs7vg4esh9ix2e3vr8w4", "user_agent": "Mozilla/5.0 (X11; Linux x86_64) AppleWebKit/537.36 (KHTML, like Gecko) Chrome/124.0.0.0 Safari/537.36", "user": 10, "hitcount": 15}}, {"model": "hitcount.hit", "pk": 30, "fields": {"created": "2024-05-15T12:58:58.675Z", "ip": "127.0.0.1", "session": "s5hoad3eazg254e7qytbwynhtlkt4sh9", "user_agent": "Mozilla/5.0 (X11; Linux x86_64) AppleWebKit/537.36 (KHTML, like Gecko) Chrome/124.0.0.0 Safari/537.36", "user": 11, "hitcount": 13}}, {"model": "taggit.tag", "pk": 1, "fields": {"name": "django", "slug": "django"}}, {"model": "taggit.tag", "pk": 2, "fields": {"name": "zeyt", "slug": "zeyt"}}, {"model": "taggit.tag", "pk": 3, "fields": {"name": "ai", "slug": "ai"}}, {"model": "taggit.tag", "pk": 4, "fields": {"name": "post", "slug": "post"}}, {"model": "taggit.tag", "pk": 5, "fields": {"name": "tag", "slug": "tag"}}, {"model": "taggit.tag", "pk": 6, "fields": {"name": "game", "slug": "game"}}, {"model": "taggit.tag", "pk": 7, "fields": {"name": "almeria", "slug": "almeria"}}, {"model": "taggit.taggeditem", "pk": 13, "fields": {"tag": 6, "content_type": 9, "object_id": 13}}, {"model": "taggit.taggeditem", "pk": 14, "fields": {"tag": 7, "content_type": 9, "object_id": 18}}]